;PropertyName;AA;AC;AG;AT;CA;CC;CG;CT;GA;GC;GG;GT;TA;TC;TG;TT;NucleicAcid
0;Shift (RNA);-0.08;0.23;-0.04;-0.06;0.11;-0.01;0.3;-0.04;0.07;0.07;-0.01;0.23;-0.02;0.07;0.11;-0.08;A-RNA
1;Slide (RNA);-1.27;-1.43;-1.5;-1.36;-1.46;-1.78;-1.89;-1.5;-1.7;-1.39;-1.78;-1.43;-1.45;-1.7;-1.46;-1.27;A-RNA
2;Rise (RNA);3.18;3.24;3.3;3.24;3.09;3.32;3.3;3.3;3.38;3.22;3.32;3.24;3.26;3.38;3.09;3.18;A-RNA
3;Tilt (RNA);-0.8;0.8;0.5;1.1;1.0;0.3;-0.1;0.5;1.3;0.0;0.3;0.8;-0.2;1.3;1.0;-0.8;A-RNA
4;Roll (RNA);7.0;4.8;8.5;7.1;9.9;8.7;12.1;8.5;9.4;6.1;12.1;4.8;10.7;9.4;9.9;7.0;A-RNA
5;Twist (RNA);31.0;32.0;30.0;33.0;31.0;32.0;27.0;30.0;32.0;35.0;32.0;32.0;32.0;32.0;31.0;31.0;A-RNA
10;Free energy (RNA);-0.93;-2.24;-2.08;-1.1;-2.11;-3.26;-2.36;-2.08;-2.35;-3.42;-3.26;-2.24;-1.33;-2.35;-2.11;-0.93;A-RNA
11;Enthalpy (RNA);-6.82;-11.4;-10.48;-9.38;-10.44;-13.39;-10.64;-10.48;-12.44;-14.88;-13.39;-11.4;-7.69;-12.44;-10.44;-6.82;A-RNA
12;Entropy (RNA);-19.0;-29.5;-27.1;-26.7;-26.9;-32.7;-26.7;-27.1;-32.5;-36.9;-32.7;-29.5;-20.5;-32.5;-26.9;-19.0;A-RNA
124;Hydrophilicity (RNA);0.04;0.14;0.08;0.14;0.21;0.49;0.35;0.52;0.1;0.26;0.17;0.27;0.21;0.48;0.34;0.44;RNA
