;0;1;2;3;4;5;10;11;12;124
Dinucleotide;Shift (RNA);Slide (RNA);Rise (RNA);Tilt (RNA);Roll (RNA);Twist (RNA);Free energy (RNA);Enthalpy (RNA);Entropy (RNA);Hydrophilicity (RNA)
AA;-0.08;-1.27;3.18;-0.8;7.0;31.0;-0.93;-6.82;-19.0;0.04
AC;0.23;-1.43;3.24;0.8;4.8;32.0;-2.24;-11.4;-29.5;0.14
AG;-0.04;-1.5;3.3;0.5;8.5;30.0;-2.08;-10.48;-27.1;0.08
AT;-0.06;-1.36;3.24;1.1;7.1;33.0;-1.1;-9.38;-26.7;0.14
CA;0.11;-1.46;3.09;1.0;9.9;31.0;-2.11;-10.44;-26.9;0.21
CC;-0.01;-1.78;3.32;0.3;8.7;32.0;-3.26;-13.39;-32.7;0.49
CG;0.3;-1.89;3.3;-0.1;12.1;27.0;-2.36;-10.64;-26.7;0.35
CT;-0.04;-1.5;3.3;0.5;8.5;30.0;-2.08;-10.48;-27.1;0.52
GA;0.07;-1.7;3.38;1.3;9.4;32.0;-2.35;-12.44;-32.5;0.1
GC;0.07;-1.39;3.22;0.0;6.1;35.0;-3.42;-14.88;-36.9;0.26
GG;-0.01;-1.78;3.32;0.3;12.1;32.0;-3.26;-13.39;-32.7;0.17
GT;0.23;-1.43;3.24;0.8;4.8;32.0;-2.24;-11.4;-29.5;0.27
TA;-0.02;-1.45;3.26;-0.2;10.7;32.0;-1.33;-7.69;-20.5;0.21
TC;0.07;-1.7;3.38;1.3;9.4;32.0;-2.35;-12.44;-32.5;0.48
TG;0.11;-1.46;3.09;1.0;9.9;31.0;-2.11;-10.44;-26.9;0.34
TT;-0.08;-1.27;3.18;-0.8;7.0;31.0;-0.93;-6.82;-19.0;0.44